height,pressure,temp,tdew
m,hPa,K,K
30.50,1032.00,285.74,278.67
46.80,1029.99,285.93,278.35
59.40,1028.45,286.19,278.34
70.60,1027.08,286.12,278.33
81.60,1025.75,286.03,278.23
92.40,1024.43,285.95,278.05
104.60,1022.93,285.86,277.95
116.90,1021.44,285.73,277.58
128.10,1020.07,285.57,276.99
139.10,1018.74,285.48,277.12
149.40,1017.48,285.40,277.28
160.40,1016.15,285.29,277.15
171.50,1014.80,285.16,277.01
183.30,1013.38,285.04,276.92
194.70,1012.00,284.92,276.98
204.60,1010.79,284.84,277.03
215.10,1009.53,284.74,277.02
225.50,1008.27,284.63,276.79
236.50,1006.95,284.49,276.51
247.20,1005.65,284.38,276.49
258.20,1004.33,284.27,276.40
269.70,1002.95,284.15,276.32
280.90,1001.61,284.05,276.32
292.00,1000.27,283.94,276.31
302.10,999.06,283.84,276.31
311.60,997.92,283.74,276.22
321.20,996.77,283.65,276.18
330.30,995.68,283.56,276.16
340.00,994.52,283.47,276.16
350.60,993.25,283.36,276.14
361.00,992.02,283.26,276.18
371.90,990.71,283.16,276.26
383.10,989.38,283.04,276.30
393.70,988.12,282.93,276.26
404.60,986.82,282.83,276.20
416.60,985.40,282.71,276.17
427.10,984.15,282.60,276.13
437.50,982.92,282.51,276.14
448.80,981.59,282.40,276.07
458.10,980.49,282.31,275.97
467.60,979.36,282.23,275.94
478.10,978.12,282.14,275.93
488.60,976.88,282.03,275.92
499.50,975.59,281.93,275.89
510.60,974.29,281.83,275.86
521.20,973.04,281.72,275.83
532.40,971.72,281.62,275.75
544.00,970.35,281.51,275.63
555.90,968.96,281.40,275.58
567.30,967.63,281.28,275.60
578.30,966.34,281.17,275.67
589.90,964.98,281.05,275.63
600.90,963.69,280.95,275.54
611.40,962.46,280.86,275.42
622.30,961.20,280.77,275.33
633.20,959.92,280.66,275.27
643.70,958.70,280.57,275.00
654.40,957.46,280.51,274.63
665.00,956.22,280.41,274.53
675.70,954.98,280.30,274.53
686.20,953.76,280.19,274.52
696.90,952.52,280.10,274.40
707.80,951.26,280.00,274.41
718.20,950.06,279.88,274.51
728.90,948.82,279.78,274.40
740.00,947.54,279.69,274.20
750.90,946.28,279.58,274.27
761.40,945.07,279.45,274.45
771.80,943.87,279.34,274.57
783.10,942.57,279.23,274.61
794.00,941.31,279.12,274.64
805.00,940.05,279.00,274.71
815.70,938.83,278.88,274.75
826.20,937.62,278.78,274.70
836.80,936.41,278.68,274.69
847.80,935.15,278.57,274.82
859.00,933.87,278.45,274.85
870.20,932.59,278.34,274.77
881.20,931.34,278.25,274.58
891.90,930.12,278.15,274.52
901.60,929.01,278.04,274.71
911.60,927.87,277.93,274.73
922.10,926.68,277.86,274.22
932.00,925.56,277.83,273.64
942.00,924.43,277.75,273.44
952.30,923.26,277.66,273.34
962.00,922.16,277.57,273.28
972.20,921.00,277.47,273.22
983.00,919.79,277.37,273.15
993.60,918.58,277.28,273.13
1004.20,917.39,277.18,273.11
1014.20,916.26,277.07,273.09
1024.60,915.08,276.97,273.08
1035.00,913.92,276.88,273.07
1045.70,912.72,276.77,273.04
1056.50,911.51,276.67,273.02
1066.90,910.34,276.58,272.99
1077.40,909.16,276.49,272.96
1087.50,908.03,276.40,272.93
1098.00,906.85,276.30,272.90
1108.50,905.68,276.20,272.88
1118.80,904.53,276.10,272.83
1129.50,903.34,276.01,272.81
1140.30,902.13,275.91,272.79
1150.90,900.95,275.82,272.76
1161.80,899.74,275.71,272.73
1172.90,898.51,275.60,272.69
1183.30,897.35,275.50,272.68
1194.00,896.16,275.39,272.65
1204.70,894.98,275.28,272.62
1215.10,893.82,275.18,272.60
1226.00,892.62,275.08,272.57
1237.20,891.38,274.97,272.53
1248.10,890.18,274.89,272.44
1258.90,888.99,274.81,272.36
1270.50,887.71,274.72,272.29
1282.10,886.43,274.62,272.21
1292.90,885.24,274.53,272.11
1303.70,884.05,274.43,272.03
1314.60,882.86,274.32,272.02
1325.50,881.66,274.19,272.07
1336.00,880.52,274.09,272.06
1346.90,879.33,273.98,272.03
1358.60,878.04,273.86,272.00
1369.80,876.82,273.76,271.95
1380.50,875.66,273.68,271.86
1391.50,874.45,273.60,271.77
1402.90,873.21,273.49,271.69
1414.20,871.99,273.39,271.55
1424.90,870.82,273.30,271.43
1436.00,869.62,273.21,271.40
1447.30,868.39,273.10,271.42
1458.30,867.20,272.99,271.39
1469.00,866.04,272.89,271.24
1479.50,864.91,272.80,271.13
1489.90,863.78,272.70,271.11
1499.90,862.71,272.61,271.01
1509.90,861.63,272.52,270.85
1520.30,860.51,272.44,270.78
1530.70,859.39,272.35,270.79
1541.20,858.26,272.26,270.88
1551.80,857.13,272.18,271.04
1562.20,856.01,272.14,271.12
1572.40,854.92,272.12,270.73
1582.90,853.79,272.15,270.33
1593.90,852.62,272.15,270.22
1605.10,851.42,272.14,270.09
1615.60,850.30,272.25,269.51
1625.40,849.25,272.76,268.43
1635.90,848.15,273.64,266.95
1647.30,846.94,274.42,265.17
1659.10,845.70,274.99,263.16
1671.60,844.39,275.60,261.14
1683.70,843.13,276.26,259.64
1695.50,841.90,276.67,259.06
1708.10,840.60,277.17,259.03
1720.20,839.34,277.74,257.61
1731.90,838.14,278.24,255.45
1743.20,836.98,278.68,253.64
1754.90,835.79,278.83,253.29
1766.90,834.55,278.80,253.61
1778.90,833.33,278.73,253.84
1790.80,832.11,278.64,253.88
1801.80,830.99,278.54,253.91
1812.80,829.87,278.45,253.96
1823.90,828.74,278.37,254.03
1835.80,827.54,278.30,254.06
1847.60,826.34,278.25,254.08
1859.50,825.13,278.19,254.31
1871.50,823.92,278.14,254.73
1883.20,822.73,278.08,255.09
1895.00,821.55,278.02,255.55
1906.70,820.37,277.96,255.93
1918.60,819.17,277.92,256.14
1930.90,817.94,277.89,256.36
1943.40,816.68,277.87,256.57
1956.60,815.35,277.83,256.77
1968.80,814.14,277.82,257.05
1980.50,812.97,277.82,257.34
1992.60,811.75,277.79,257.49
2005.20,810.50,277.74,257.53
2016.40,809.39,277.68,257.52
2028.50,808.18,277.66,257.55
2042.00,806.85,277.62,257.65
2055.20,805.53,277.61,257.79
2068.60,804.20,277.60,257.86
2081.80,802.90,277.55,257.87
2095.30,801.57,277.55,257.91
2109.50,800.18,277.66,258.03
2123.00,798.85,277.67,258.02
2136.80,797.49,277.60,257.97
2151.60,796.04,277.52,257.96
2165.50,794.68,277.46,258.01
2177.80,793.48,277.41,258.13
2190.40,792.25,277.41,258.35
2203.50,790.98,277.45,258.61
2217.00,789.66,277.49,258.96
2229.00,788.50,277.52,259.25
2239.90,787.45,277.54,259.44
2252.10,786.27,277.59,259.55
2263.70,785.15,277.62,259.48
2275.00,784.05,277.61,259.38
2287.20,782.88,277.58,259.26
2299.00,781.74,277.51,259.15
2310.20,780.67,277.43,259.08
2321.90,779.55,277.35,259.02
2335.00,778.28,277.27,258.95
2348.70,776.97,277.21,258.84
2361.50,775.75,277.19,258.67
2372.30,774.72,277.22,258.50
2383.10,773.69,277.23,258.36
2395.00,772.56,277.22,258.13
2407.50,771.38,277.20,257.89
2420.00,770.18,277.15,257.73
2432.30,769.01,277.11,257.64
2444.90,767.83,277.07,257.54
2458.10,766.58,277.03,257.40
2470.50,765.41,276.98,257.27
2480.30,764.48,276.93,257.20
2490.30,763.54,276.89,257.15
2502.50,762.39,276.82,257.13
2514.00,761.32,276.75,257.13
2525.40,760.25,276.72,257.11
2537.90,759.07,276.72,256.98
2549.40,758.00,276.70,256.91
2560.80,756.94,276.66,256.90
2573.10,755.79,276.60,256.89
2585.40,754.64,276.52,256.87
2596.60,753.60,276.45,256.86
2607.80,752.56,276.41,256.87
2618.70,751.54,276.43,256.91
2630.20,750.48,276.50,256.87
2641.50,749.43,276.50,256.80
2651.90,748.47,276.47,256.73
2663.30,747.41,276.44,256.61
2674.60,746.37,276.39,256.51
2686.30,745.30,276.33,256.43
2697.80,744.24,276.29,256.30
2709.50,743.16,276.26,256.10
2720.90,742.11,276.23,255.92
2733.30,740.98,276.20,255.76
2745.00,739.91,276.16,255.62
2755.90,738.91,276.13,255.50
2768.30,737.78,276.06,255.39
2779.90,736.72,275.97,255.34
2791.10,735.70,275.89,255.31
2802.60,734.65,275.79,255.26
2813.10,733.70,275.71,255.22
2823.70,732.74,275.65,255.19
2833.80,731.82,275.58,255.15
2843.30,730.96,275.52,255.12
2854.50,729.95,275.46,255.09
2867.00,728.82,275.38,255.10
2878.70,727.77,275.30,255.12
2891.10,726.64,275.22,255.11
2904.40,725.45,275.12,255.09
2917.30,724.28,275.02,255.12
2931.70,722.99,274.91,255.18
2946.90,721.63,274.77,255.17
2959.80,720.47,274.64,255.13
2971.20,719.45,274.56,255.07
2983.30,718.37,274.46,255.01
2997.70,717.09,274.35,254.96
3011.80,715.83,274.24,254.81
3026.50,714.52,274.14,254.53
3042.40,713.11,274.03,254.32
3055.80,711.92,273.92,254.34
3066.90,710.93,273.86,254.44
3080.40,709.74,273.75,254.49
3095.40,708.41,273.62,254.51
3110.70,707.06,273.49,254.53
3126.10,705.70,273.35,254.52
3139.20,704.55,273.23,254.56
3151.60,703.46,273.15,254.60
3165.80,702.21,273.07,254.43
3178.90,701.06,272.99,254.11
3190.80,700.02,272.94,253.89
3202.60,698.99,272.88,253.73
3215.20,697.88,272.81,253.66
3227.50,696.81,272.74,253.56
3239.20,695.79,272.69,253.31
3252.80,694.60,272.65,253.05
3267.10,693.37,272.57,252.98
3281.00,692.16,272.47,252.94
3295.00,690.95,272.38,252.90
3308.10,689.81,272.30,252.88
3321.20,688.68,272.26,252.73
3333.60,687.61,272.23,252.49
3346.00,686.54,272.19,252.27
3359.20,685.40,272.12,252.19
3372.50,684.26,272.07,252.05
3386.00,683.10,272.02,251.77
3399.90,681.91,271.97,251.55
3414.60,680.65,271.92,251.27
3428.50,679.47,271.84,251.12
3441.20,678.38,271.75,250.99
3453.40,677.35,271.67,250.87
3465.80,676.29,271.59,250.72
3479.50,675.13,271.55,250.37
3492.80,674.00,271.51,250.02
3506.20,672.86,271.44,249.79
3518.70,671.81,271.37,249.61
3531.30,670.74,271.30,249.38
3544.00,669.67,271.24,249.14
3556.60,668.61,271.18,248.94
3568.80,667.58,271.10,248.74
3581.20,666.54,271.03,248.44
3594.40,665.43,270.97,248.07
3607.60,664.33,270.90,247.84
3620.80,663.22,270.80,247.74
3634.10,662.11,270.69,247.70
3646.80,661.05,270.58,247.67
3660.60,659.90,270.50,247.50
3675.60,658.66,270.41,247.35
3689.50,657.50,270.31,247.33
3702.60,656.41,270.22,247.29
3715.40,655.34,270.15,247.31
3728.20,654.29,270.12,247.18
3742.00,653.15,270.12,246.74
3755.90,652.01,270.06,246.66
3769.70,650.87,269.98,247.09
3783.60,649.73,269.90,247.87
3796.90,648.63,269.80,248.48
3809.80,647.57,269.71,248.86
3823.80,646.42,269.62,249.10
3838.40,645.23,269.54,249.04
3852.20,644.10,269.46,248.82
3865.80,642.99,269.37,248.68
3879.30,641.90,269.28,248.75
3892.60,640.82,269.18,248.89
3905.60,639.76,269.09,248.88
3919.30,638.64,269.00,248.84
3935.70,637.32,268.94,248.86
3952.60,635.95,268.86,248.83
3969.70,634.57,268.75,248.73
3987.30,633.15,268.62,248.59
4004.10,631.80,268.49,248.42
4019.70,630.55,268.39,248.31
4034.90,629.33,268.30,248.27
4047.30,628.34,268.21,248.26
4058.30,627.46,268.13,248.25
4070.30,626.50,268.06,248.27
4083.80,625.42,268.03,248.30
4097.70,624.32,267.98,248.31
4109.40,623.39,267.89,248.36
4120.60,622.50,267.82,248.39
4133.30,621.49,267.73,248.42
4144.80,620.58,267.65,248.47
4156.00,619.69,267.59,248.52
4167.90,618.75,267.53,248.61
4179.30,617.85,267.47,248.70
4189.70,617.04,267.42,248.69
4202.60,616.02,267.37,248.70
4217.40,614.85,267.29,248.63
4230.60,613.82,267.25,248.43
4245.20,612.67,267.20,248.28
4261.00,611.44,267.12,248.18
4275.10,610.34,267.03,248.10
4288.50,609.29,267.00,248.13
4303.20,608.15,266.95,248.56
4316.70,607.10,266.84,249.11
4329.10,606.14,266.75,249.35
4342.20,605.12,266.67,249.35
4352.60,604.31,266.59,249.29
4360.00,603.74,266.54,249.26
4368.70,603.07,266.46,249.19
4377.80,602.37,266.42,249.08
4385.50,601.77,266.40,248.93
4392.90,601.20,266.35,248.84
4400.90,600.59,266.30,248.83
4409.60,599.91,266.23,248.82
4419.40,599.16,266.16,248.80
4430.30,598.33,266.09,248.71
4442.60,597.38,266.03,248.58
4457.10,596.27,265.95,248.48
4472.40,595.10,265.86,248.41
4485.40,594.10,265.78,248.38
4498.40,593.12,265.68,248.43
4512.90,592.01,265.55,248.48
4525.60,591.05,265.43,248.50
4534.60,590.36,265.35,248.50
4543.40,589.69,265.29,248.46
4552.20,589.02,265.24,248.36
4560.90,588.37,265.20,248.23
4571.90,587.53,265.13,248.00
4585.40,586.51,265.07,247.58
4599.70,585.43,265.04,246.99
4613.60,584.38,265.02,246.47
4628.10,583.30,265.04,246.20
4640.10,582.40,265.04,246.29
4648.80,581.75,265.02,246.07
4659.40,580.95,265.04,244.94
4670.40,580.12,265.07,243.41
4680.10,579.40,265.06,243.00
4689.80,578.68,265.05,242.66
4700.50,577.88,265.02,242.24
4710.50,577.14,264.94,242.32
4720.30,576.40,264.86,242.54
4730.40,575.65,264.80,242.67
4741.40,574.84,264.73,242.65
4751.90,574.06,264.67,242.49
4763.90,573.17,264.59,242.31
4778.30,572.11,264.50,242.15
4792.40,571.06,264.39,241.99
4804.30,570.19,264.31,241.82
4814.80,569.42,264.25,241.54
4826.60,568.55,264.20,241.08
4840.10,567.56,264.12,240.92
4852.90,566.62,264.05,240.89
4865.40,565.70,263.99,240.72
4878.80,564.73,263.93,240.44
4891.80,563.77,263.86,240.17
4904.30,562.87,263.78,239.96
4916.40,561.98,263.70,239.85
4929.10,561.06,263.63,239.63
4941.70,560.15,263.55,239.34
4951.80,559.41,263.48,239.24
4961.50,558.71,263.41,239.11
4970.30,558.07,263.33,239.08
4977.40,557.56,263.27,239.27
4984.50,557.04,263.21,239.59
4991.70,556.52,263.15,239.83
4999.40,555.96,263.09,239.72
5006.70,555.44,263.04,239.42
5014.40,554.89,262.99,239.16
5021.90,554.35,262.94,239.17
5030.00,553.77,262.88,239.25
5037.70,553.21,262.82,239.24
5044.90,552.69,262.78,239.21
5052.60,552.14,262.72,239.11
5060.00,551.61,262.66,239.05
5067.30,551.08,262.61,239.13
5074.60,550.56,262.56,239.36
5082.40,550.00,262.50,239.78
5089.90,549.46,262.44,240.15
5097.90,548.89,262.37,240.39
5106.10,548.31,262.28,240.51
5114.70,547.70,262.21,240.56
5122.20,547.16,262.14,240.53
5129.70,546.63,262.07,240.44
5138.10,546.02,261.99,240.41
5148.20,545.31,261.89,240.50
5158.20,544.60,261.80,240.58
5167.90,543.91,261.72,240.66
5178.80,543.14,261.64,240.89
5190.20,542.33,261.55,240.99
5200.50,541.60,261.46,240.96
5210.80,540.87,261.35,240.95
5220.70,540.17,261.25,240.97
5230.90,539.45,261.17,241.01
5242.20,538.66,261.07,241.05
5253.50,537.86,260.95,241.08
5264.80,537.07,260.86,241.05
5276.20,536.26,260.80,240.81
5287.00,535.51,260.73,240.56
5298.40,534.70,260.63,240.45
5310.40,533.86,260.53,240.40
5323.50,532.95,260.41,240.33
5336.70,532.03,260.29,240.24
5347.80,531.25,260.19,240.16
5358.20,530.53,260.12,240.11
5371.30,529.62,260.03,240.08
5384.50,528.70,259.91,240.02
5394.10,528.03,259.83,239.96
5402.30,527.46,259.76,239.91
5410.40,526.90,259.69,239.84
5418.40,526.34,259.62,239.78
5426.00,525.82,259.56,239.69
5433.10,525.33,259.51,239.60
5441.30,524.76,259.46,239.52
5449.90,524.17,259.42,239.48
5458.10,523.61,259.38,239.47
5466.70,523.01,259.32,239.48
5476.30,522.35,259.24,239.48
5485.10,521.75,259.17,239.50
5495.20,521.05,259.10,239.52
5504.90,520.38,259.01,239.53
5514.30,519.74,258.93,239.54
5525.50,518.97,258.86,239.47
5538.80,518.06,258.79,239.13
5552.00,517.16,258.74,238.70
5565.20,516.26,258.67,238.44
5578.50,515.35,258.58,238.30
5590.50,514.54,258.48,238.23
5603.40,513.66,258.37,238.14
5615.80,512.82,258.27,238.01
5628.20,511.98,258.17,237.86
5640.50,511.14,258.07,237.73
5652.90,510.31,257.97,237.61
5665.20,509.48,257.90,237.34
5677.10,508.68,257.87,236.93
5690.50,507.77,257.85,236.75
5703.60,506.90,257.79,236.82
5716.20,506.05,257.69,236.79
5729.40,505.16,257.58,236.75
5742.10,504.32,257.47,236.85
5754.40,503.49,257.36,236.98
5766.70,502.67,257.26,237.06
5780.00,501.78,257.15,237.13
5794.00,500.85,257.03,237.14
5808.20,499.91,256.91,237.02
5822.70,498.94,256.77,237.01
5836.00,498.06,256.64,237.01
5848.30,497.25,256.54,236.94
5860.20,496.46,256.44,236.81
5872.10,495.67,256.33,236.67
5885.40,494.80,256.22,236.57
5899.00,493.90,256.09,236.52
5909.90,493.18,255.99,236.55
5919.30,492.56,255.90,236.56
5929.70,491.88,255.79,236.56
5939.60,491.23,255.71,236.56
5950.00,490.54,255.63,236.56
5960.70,489.85,255.52,236.53
5971.70,489.13,255.43,236.51
5985.50,488.22,255.30,236.48
5998.10,487.40,255.17,236.45
6008.90,486.70,255.07,236.42
6019.00,486.04,254.96,236.36
6027.60,485.48,254.90,236.27
6038.10,484.80,254.84,236.17
6049.50,484.06,254.74,236.11
6060.70,483.33,254.65,236.17
6072.90,482.54,254.56,236.16
6086.10,481.69,254.45,236.01
6099.90,480.80,254.32,236.01
6113.20,479.94,254.22,236.03
6125.20,479.16,254.14,235.91
6137.70,478.36,254.06,235.65
6150.40,477.54,253.99,235.17
6162.70,476.75,253.93,234.62
6174.40,476.00,253.88,234.21
6187.90,475.14,253.83,233.83
6201.80,474.25,253.73,233.59
6214.40,473.45,253.63,233.52
6226.50,472.68,253.56,233.49
6239.70,471.83,253.51,233.60
6253.30,470.97,253.46,233.88
6266.90,470.11,253.41,234.25
6278.90,469.35,253.41,234.67
6291.40,468.56,253.47,235.08
6304.40,467.74,253.58,235.36
6318.40,466.86,253.60,235.36
6332.00,466.01,253.52,235.33
6344.80,465.20,253.42,235.34
6357.40,464.42,253.30,235.29
6370.40,463.60,253.19,235.24
6384.00,462.75,253.07,235.20
6396.70,461.95,252.97,235.14
6408.80,461.20,252.86,235.10
6421.40,460.42,252.73,235.07
6433.80,459.64,252.61,235.02
6445.40,458.92,252.50,235.00
6459.10,458.07,252.38,234.96
6473.40,457.19,252.25,234.88
6486.10,456.40,252.16,234.83
6499.10,455.60,252.05,234.83
6511.60,454.83,251.94,234.85
6523.50,454.09,251.83,234.84
6535.60,453.35,251.71,234.79
6547.40,452.62,251.59,234.71
6558.70,451.93,251.49,234.50
6570.90,451.19,251.41,234.09
6583.40,450.42,251.31,233.69
6595.20,449.70,251.21,233.47
6607.40,448.95,251.11,233.21
6619.20,448.23,251.04,232.91
6631.50,447.48,250.95,232.70
6644.30,446.70,250.84,232.56
6655.60,446.02,250.74,232.40
6667.90,445.27,250.64,232.27
6679.80,444.55,250.54,232.24
6690.00,443.93,250.44,232.25
6702.50,443.18,250.32,232.25
6716.40,442.33,250.19,232.22
6729.10,441.57,250.06,232.21
6741.40,440.83,249.95,232.22
6753.30,440.11,249.84,232.24
6765.20,439.39,249.72,232.24
6776.10,438.74,249.60,232.22
6785.50,438.17,249.51,232.23
6794.90,437.61,249.42,232.22
6805.30,436.99,249.33,232.21
6816.80,436.30,249.22,232.20
6827.50,435.66,249.12,232.19
6837.90,435.04,249.02,232.18
6848.50,434.41,248.92,232.18
6859.10,433.78,248.83,232.24
6870.10,433.12,248.74,232.38
6881.80,432.43,248.66,232.68
6893.80,431.71,248.57,233.04
6904.70,431.07,248.46,233.21
6914.40,430.49,248.37,233.31
6924.00,429.92,248.28,233.47
6933.60,429.36,248.19,233.57
6944.70,428.70,248.07,233.57
6955.90,428.04,247.96,233.61
6967.10,427.38,247.86,233.65
6977.80,426.75,247.77,233.67
6989.80,426.04,247.68,233.73
7002.90,425.27,247.56,233.75
7015.00,424.57,247.44,233.68
7027.10,423.86,247.33,233.63
7040.00,423.10,247.20,233.62
7054.10,422.28,247.07,233.60
7067.70,421.49,246.96,233.54
7082.10,420.65,246.85,233.46
7095.50,419.87,246.72,233.39
7105.50,419.29,246.62,233.37
7115.90,418.68,246.53,233.36
7126.30,418.08,246.41,233.34
7135.80,417.53,246.31,233.31
7145.60,416.96,246.22,233.26
7155.50,416.39,246.16,233.18
7166.10,415.78,246.10,233.10
7178.10,415.09,246.01,233.09
7190.10,414.40,245.93,233.17
7201.70,413.73,245.87,233.27
7213.70,413.04,245.79,233.31
7225.30,412.37,245.70,233.26
7237.20,411.69,245.59,233.21
7248.90,411.02,245.48,233.20
7260.20,410.37,245.37,233.19
7271.50,409.73,245.27,233.14
7282.00,409.13,245.17,233.10
7291.60,408.58,245.07,233.09
7301.80,408.01,244.98,233.08
7311.40,407.46,244.89,233.02
7320.60,406.94,244.81,232.97
7329.90,406.41,244.73,232.93
7339.50,405.86,244.64,232.94
7350.20,405.26,244.54,232.97
7362.10,404.59,244.45,233.00
7375.00,403.86,244.35,232.97
7386.70,403.20,244.26,232.88
7397.10,402.61,244.21,232.79
7409.30,401.92,244.13,232.67
7421.60,401.23,244.02,232.58
7432.90,400.60,243.92,232.55
7443.30,400.02,243.81,232.52
7452.40,399.50,243.71,232.49
7461.80,398.98,243.62,232.45
7471.60,398.43,243.53,232.41
7482.70,397.81,243.43,232.39
7495.20,397.11,243.32,232.36
7508.20,396.39,243.20,232.32
7522.70,395.59,243.07,232.27
7537.10,394.78,242.91,232.25
7549.50,394.09,242.78,232.23
7560.10,393.51,242.67,232.22
7570.30,392.94,242.58,232.21
7580.90,392.35,242.47,232.20
7591.90,391.75,242.37,232.19
7603.60,391.10,242.26,232.16
7614.80,390.49,242.14,232.14
7625.60,389.89,242.04,232.10
7635.80,389.33,241.94,232.08
7646.00,388.77,241.86,232.07
7656.80,388.18,241.74,232.04
7667.10,387.61,241.64,232.01
7678.00,387.01,241.55,231.99
7690.50,386.33,241.42,231.97
7702.90,385.66,241.29,231.96
7714.50,385.03,241.18,231.93
7725.30,384.43,241.08,231.91
7737.90,383.75,240.96,231.86
7752.10,382.98,240.84,231.78
7766.70,382.18,240.71,231.73
7780.00,381.46,240.57,231.70
7792.60,380.78,240.43,231.70
7805.60,380.08,240.29,231.74
7817.70,379.42,240.17,231.76
7828.70,378.83,240.07,231.74
7838.80,378.29,239.98,231.72
7850.50,377.66,239.87,231.69
7863.20,376.97,239.75,231.63
7877.50,376.21,239.62,231.55
7891.70,375.45,239.46,231.44
7903.20,374.83,239.34,231.40
7912.20,374.35,239.25,231.39
7920.80,373.89,239.16,231.35
7930.30,373.39,239.06,231.32
7939.70,372.88,238.97,231.28
7948.00,372.44,238.90,231.23
7955.70,372.03,238.81,231.21
7963.80,371.60,238.73,231.24
7972.50,371.14,238.64,231.26
7981.80,370.64,238.55,231.25
7990.70,370.17,238.47,231.21
7999.30,369.71,238.41,231.12
8008.30,369.24,238.32,231.02
8018.60,368.70,238.21,230.97
8030.60,368.06,238.11,230.90
8043.80,367.36,237.99,230.85
8058.00,366.61,237.85,230.82
8070.60,365.95,237.72,230.83
8082.90,365.31,237.61,230.83
8094.90,364.68,237.49,230.81
8105.60,364.12,237.38,230.81
8114.70,363.64,237.28,230.84
8123.90,363.16,237.19,230.83
8135.50,362.55,237.09,230.74
8148.20,361.89,236.97,230.65
8159.40,361.30,236.85,230.57
8170.10,360.75,236.75,230.49
8179.80,360.24,236.65,230.44
8188.60,359.79,236.59,230.45
8199.10,359.24,236.48,230.44
8210.50,358.65,236.37,230.39
8221.60,358.07,236.25,230.35
8232.30,357.52,236.16,230.31
8244.20,356.91,236.05,230.22
8254.90,356.36,235.94,230.14
8263.60,355.91,235.86,230.11
8272.00,355.47,235.80,230.04
8280.60,355.03,235.74,230.00
8289.80,354.56,235.65,229.99
8299.40,354.06,235.55,229.99
8309.80,353.53,235.46,229.99
8320.40,352.99,235.36,229.99
8330.90,352.45,235.27,229.99
8342.10,351.88,235.18,229.99
8353.00,351.32,235.08,230.01
8364.50,350.73,234.97,230.08
8377.20,350.09,234.85,230.08
8389.60,349.46,234.73,229.82
8402.20,348.82,234.62,229.07
8414.80,348.18,234.53,228.07
8427.10,347.55,234.43,227.44
8438.70,346.96,234.32,227.18
8450.30,346.38,234.22,227.18
8462.00,345.79,234.13,227.20
8472.10,345.28,234.05,226.95
8482.10,344.78,233.99,226.42
8491.80,344.29,233.92,225.92
8501.60,343.79,233.85,225.56
8512.20,343.26,233.77,225.20
8522.10,342.77,233.68,224.83
8531.70,342.29,233.60,224.43
8541.20,341.81,233.53,224.06
8550.00,341.37,233.45,223.89
8558.70,340.93,233.37,223.83
8567.60,340.49,233.29,223.77
8576.30,340.06,233.22,223.58
8585.30,339.61,233.16,223.22
8594.50,339.15,233.10,222.71
8603.70,338.70,233.04,222.01
8613.10,338.23,232.98,221.10
8622.20,337.78,232.92,220.49
8631.50,337.32,232.85,220.28
8641.00,336.85,232.77,220.23
8650.70,336.37,232.69,220.31
8661.70,335.83,232.59,220.38
8674.10,335.21,232.48,220.47
8687.50,334.56,232.36,220.57
8700.20,333.93,232.23,220.68
8712.80,333.32,232.10,220.86
8723.90,332.77,231.98,221.01
8732.60,332.34,231.89,221.07
8741.40,331.91,231.81,221.11
8751.00,331.44,231.71,221.13
8760.00,331.00,231.62,221.18
8769.40,330.54,231.54,221.40
8779.40,330.06,231.44,221.72
8788.50,329.62,231.36,221.93
8797.20,329.19,231.27,221.97
8805.50,328.79,231.20,221.90
8813.20,328.41,231.14,221.68
8820.70,328.05,231.08,221.35
8829.00,327.65,231.01,221.05
8837.40,327.24,230.93,220.83
8845.40,326.85,230.86,220.71
8853.40,326.47,230.79,220.61
8861.30,326.08,230.71,220.54
8869.90,325.67,230.63,220.48
8879.20,325.22,230.54,220.40
8888.30,324.79,230.46,220.31
8897.60,324.34,230.38,220.19
8906.70,323.90,230.30,220.04
8916.90,323.41,230.21,219.88
8928.80,322.84,230.11,219.75
8941.30,322.24,230.00,219.73
8954.40,321.61,229.87,219.86
8967.70,320.98,229.74,220.14
8980.70,320.36,229.62,220.47
8994.00,319.73,229.52,220.85
9007.10,319.10,229.39,221.18
9019.30,318.52,229.28,221.35
9032.10,317.91,229.16,221.41
9044.60,317.32,229.03,221.40
9056.60,316.76,228.91,221.41
9067.60,316.24,228.80,221.43
9076.30,315.82,228.71,221.46
9085.30,315.40,228.63,221.50
9095.20,314.93,228.54,221.55
9104.80,314.48,228.45,221.58
9115.60,313.98,228.35,221.60
9126.70,313.45,228.25,221.61
9138.70,312.89,228.15,221.63
9151.20,312.31,228.05,221.62
9163.90,311.71,227.95,221.58
9176.30,311.14,227.85,221.50
9187.90,310.59,227.75,221.41
9200.90,309.99,227.63,221.28
9213.80,309.39,227.53,221.13
9225.20,308.86,227.46,220.96
9236.80,308.32,227.37,220.76
9247.80,307.81,227.28,220.56
9260.50,307.22,227.20,220.39
9276.50,306.49,227.11,220.21
9292.30,305.76,226.98,220.08
9308.70,305.01,226.83,219.98
9324.90,304.26,226.67,219.88
9337.20,303.70,226.56,219.80
9346.80,303.26,226.48,219.74
9355.70,302.85,226.40,219.67
9362.80,302.53,226.33,219.59
9370.20,302.19,226.26,219.47
9378.50,301.81,226.19,219.22
9387.50,301.40,226.13,218.82
9396.50,300.99,226.12,218.26
9406.20,300.55,226.10,217.56
9416.00,300.11,226.07,216.89
9426.70,299.62,226.04,216.30
9436.30,299.19,225.98,215.81
9444.70,298.81,225.93,215.46
9454.00,298.39,225.87,215.16
9463.50,297.96,225.81,214.89
9472.90,297.53,225.74,214.70
9482.50,297.10,225.65,214.59
9491.70,296.69,225.57,214.53
9502.40,296.21,225.48,214.48
9513.50,295.71,225.38,214.38
9524.00,295.24,225.29,214.26
9534.50,294.77,225.20,214.08
9547.40,294.19,225.09,213.83
9562.10,293.54,224.98,213.54
9575.70,292.94,224.87,213.28
9589.00,292.34,224.77,213.04
9602.30,291.75,224.63,212.73
9614.40,291.21,224.53,212.39
9626.70,290.67,224.44,212.02
9637.00,290.21,224.34,211.73
9646.30,289.81,224.27,211.53
9657.20,289.32,224.17,211.27
9668.50,288.82,224.09,210.99
9680.20,288.31,224.00,210.71
9691.80,287.80,223.90,210.50
9703.40,287.29,223.79,210.32
9714.10,286.82,223.68,210.13
9725.20,286.34,223.59,209.90
9737.20,285.81,223.49,209.52
9749.30,285.29,223.39,208.93
9761.60,284.75,223.31,208.10
9775.30,284.15,223.26,207.04
9790.20,283.51,223.18,205.89
9803.40,282.93,223.07,204.93
9813.50,282.50,222.97,204.38
9823.50,282.06,222.88,203.98
9833.60,281.63,222.82,203.58
9843.70,281.19,222.76,203.07
9853.00,280.79,222.68,202.61
9861.60,280.42,222.61,202.31
9869.60,280.07,222.54,202.12
9877.50,279.74,222.48,202.05
9885.50,279.39,222.42,202.06
9893.30,279.06,222.35,202.11
9902.30,278.67,222.28,202.16
9911.90,278.26,222.19,202.18
9921.20,277.86,222.10,202.17
9930.50,277.47,222.01,202.15
9939.60,277.08,221.92,202.12
9948.50,276.70,221.84,202.09
9958.50,276.27,221.75,202.05
9970.20,275.77,221.65,202.00
9982.40,275.26,221.54,201.93
9994.20,274.76,221.44,201.87
10007.50,274.19,221.33,201.83
10021.20,273.61,221.19,201.81
10034.50,273.05,221.07,201.80
10047.50,272.50,220.93,201.78
10060.40,271.96,220.80,201.79
10072.80,271.44,220.68,201.80
10085.30,270.91,220.57,201.81
10098.20,270.37,220.46,201.82
10111.10,269.83,220.33,201.83
10122.50,269.36,220.22,201.82
10134.30,268.86,220.11,201.81
10147.70,268.31,219.98,201.79
10159.80,267.80,219.86,201.76
10171.80,267.30,219.74,201.72
10183.40,266.82,219.62,201.69
10193.90,266.39,219.52,201.66
10206.00,265.88,219.41,201.63
10218.00,265.39,219.29,201.59
10230.70,264.86,219.18,201.52
10243.60,264.33,219.06,201.47
10255.30,263.85,218.95,201.40
10267.20,263.36,218.84,201.34
10279.30,262.86,218.72,201.28
10291.70,262.35,218.61,201.22
10305.90,261.77,218.50,201.15
10319.30,261.22,218.38,201.05
10332.60,260.68,218.25,200.94
10346.30,260.12,218.12,200.79
10358.40,259.63,218.00,200.65
10370.30,259.15,217.91,200.53
10382.70,258.64,217.80,200.38
10394.30,258.17,217.69,200.23
10404.80,257.75,217.60,200.07
10417.20,257.25,217.51,199.91
10431.00,256.69,217.40,199.77
10443.40,256.19,217.29,199.67
10454.60,255.74,217.17,199.60
10468.40,255.18,217.04,199.51
10483.00,254.60,216.92,199.40
10497.30,254.02,216.79,199.29
10511.40,253.46,216.67,199.17
10524.50,252.94,216.56,199.11
10536.90,252.44,216.44,199.09
10549.50,251.94,216.31,199.08
10561.30,251.47,216.20,199.06
10573.70,250.98,216.08,199.00
10586.10,250.49,215.97,198.89
10598.20,250.01,215.86,198.72
10610.70,249.52,215.75,198.52
10623.40,249.01,215.64,198.34
10635.00,248.56,215.52,198.26
10647.60,248.06,215.40,198.27
10660.60,247.55,215.28,198.25
10673.30,247.05,215.15,198.32
10687.30,246.50,215.01,198.47
10701.80,245.94,214.87,198.61
10715.90,245.38,214.73,198.75
10730.00,244.83,214.59,198.85
10743.50,244.31,214.47,198.93
10757.20,243.77,214.34,198.96
10770.50,243.26,214.21,198.99
10783.00,242.78,214.08,198.97
10795.10,242.31,213.96,198.93
10806.80,241.85,213.85,198.89
10817.00,241.46,213.75,198.86
10826.40,241.10,213.65,198.82
10837.70,240.66,213.55,198.77
10848.90,240.23,213.45,198.72
10859.00,239.84,213.37,198.64
10869.00,239.46,213.27,198.57
10879.60,239.05,213.17,198.52
10891.90,238.58,213.07,198.52
10904.10,238.11,212.95,198.55
10915.80,237.67,212.84,198.63
10928.70,237.18,212.71,198.75
10941.80,236.68,212.60,198.90
10954.30,236.20,212.47,199.02
10967.40,235.71,212.35,199.12
10981.30,235.18,212.25,199.20
10995.30,234.65,212.11,199.21
11008.00,234.17,211.98,199.13
11019.50,233.74,211.90,198.98
11031.00,233.30,211.83,198.75
11042.10,232.89,211.77,198.49
11053.80,232.45,211.68,198.25
11065.40,232.01,211.58,198.11
11077.00,231.58,211.46,197.99
11088.60,231.15,211.36,197.90
11102.10,230.64,211.25,197.83
11118.20,230.04,211.12,197.78
11134.90,229.42,210.97,197.75
11151.30,228.81,210.80,197.74
11166.60,228.25,210.65,197.76
11181.40,227.70,210.51,197.79
11195.50,227.17,210.38,197.82
11210.30,226.63,210.25,197.86
11226.10,226.05,210.10,197.88
11241.30,225.49,209.97,197.90
11255.60,224.97,209.82,197.92
11269.10,224.47,209.69,197.93
11282.80,223.97,209.56,197.93
11296.30,223.48,209.41,197.93
11307.80,223.06,209.30,197.92
11319.40,222.64,209.18,197.92
11333.00,222.15,209.06,197.91
11346.00,221.67,208.95,197.89
11357.20,221.27,208.84,197.86
11368.60,220.86,208.74,197.83
11381.30,220.40,208.63,197.78
11394.50,219.92,208.52,197.68
11407.40,219.46,208.41,197.57
11419.50,219.02,208.30,197.46
11431.10,218.61,208.20,197.36
11444.20,218.14,208.17,197.30
11457.70,217.65,208.21,197.26
11471.20,217.17,208.18,197.17
11484.20,216.71,208.15,197.08
11497.30,216.24,208.10,196.97
11511.30,215.75,207.99,196.83
11524.80,215.27,207.89,196.71
11538.00,214.80,207.80,196.60
11551.80,214.32,207.69,196.49
11564.70,213.86,207.58,196.40
11576.60,213.44,207.49,196.33
11588.60,213.02,207.39,196.26
11600.50,212.60,207.29,196.21
11612.40,212.19,207.21,196.18
11624.80,211.76,207.11,196.13
11637.70,211.30,206.98,196.06
11650.10,210.87,206.87,196.02
11662.30,210.45,206.79,195.99
11674.60,210.02,206.73,195.99
11686.20,209.62,206.64,195.97
11697.80,209.22,206.55,195.94
11709.30,208.82,206.47,195.93
11721.70,208.39,206.41,195.94
11733.70,207.98,206.32,195.93
11744.00,207.62,206.21,195.91
11754.90,207.25,206.11,195.89
11766.70,206.84,206.00,195.89
11779.10,206.42,205.90,195.89
11791.90,205.98,205.79,195.89
11803.40,205.59,205.70,195.90
11814.60,205.21,205.61,195.91
11825.90,204.82,205.51,195.92
11837.00,204.44,205.41,195.95
11848.20,204.06,205.32,195.97
11860.10,203.66,205.23,195.98
11872.30,203.24,205.14,196.02
11884.00,202.85,205.05,196.05
11895.40,202.46,204.95,196.06
11907.60,202.05,204.84,196.06
11920.50,201.62,204.73,196.07
11933.70,201.17,204.61,196.06
11946.40,200.75,204.50,196.06
11958.70,200.34,204.37,196.04
11970.90,199.93,204.25,196.02
11983.00,199.52,204.14,196.00
11995.70,199.10,204.02,195.99
12007.50,198.71,203.91,195.97
12019.00,198.32,203.81,195.94
12030.90,197.93,203.70,195.93
12042.60,197.54,203.59,195.91
12055.30,197.12,203.47,195.89
12068.20,196.69,203.36,195.85
12080.40,196.29,203.26,195.82
12092.20,195.90,203.16,195.80
12103.90,195.52,203.07,195.78
12115.30,195.14,202.98,195.76
12126.90,194.76,202.90,195.73
12138.60,194.38,202.81,195.70
12149.90,194.01,202.71,195.66
12161.30,193.63,202.61,195.61
12172.70,193.26,202.51,195.54
12184.40,192.88,202.41,195.47
12196.50,192.49,202.32,195.39
12208.50,192.10,202.23,195.30
12220.00,191.73,202.16,195.18
12231.40,191.36,202.16,195.12
12243.20,190.98,202.25,195.16
12254.50,190.61,202.38,195.23
12265.70,190.25,202.52,195.29
12277.10,189.89,202.74,195.38
12288.90,189.51,202.95,195.46
12301.10,189.12,203.09,195.50
12312.90,188.74,203.16,195.47
12324.40,188.38,203.18,195.39
12335.60,188.03,203.19,195.32
12347.30,187.66,203.17,195.22
12358.80,187.30,203.20,195.17
12370.80,186.92,203.31,195.20
12384.00,186.51,203.39,195.25
12395.80,186.14,203.45,195.26
12406.40,185.80,203.62,195.40
12417.10,185.47,203.83,195.58
12428.20,185.12,204.03,195.74
12440.10,184.76,204.23,195.98
12452.50,184.38,204.50,196.33
12463.10,184.05,204.63,196.55
12474.10,183.71,204.60,196.65
12485.80,183.35,204.51,196.71
12497.00,183.01,204.42,196.74
12508.20,182.67,204.33,196.72
12519.40,182.33,204.24,196.71
12530.60,181.98,204.19,196.72
12542.30,181.63,204.17,196.75
12554.00,181.27,204.18,196.77
12565.40,180.93,204.17,196.78
12576.90,180.58,204.15,196.80
12588.90,180.22,204.22,196.82
12600.30,179.87,204.31,196.84
12612.70,179.50,204.39,196.86
12624.40,179.15,204.44,196.83
12635.80,178.81,204.48,196.76
12647.00,178.48,204.55,196.69
12659.10,178.12,204.66,196.63
12671.20,177.76,204.91,196.70
12683.30,177.40,205.23,196.80
12695.40,177.04,205.38,196.70
12707.40,176.69,205.45,196.54
12720.50,176.31,205.58,196.46
12732.80,175.95,205.79,196.42
12744.90,175.59,206.09,196.41
12757.10,175.24,206.33,196.37
12769.50,174.88,206.64,196.40
12782.10,174.52,206.99,196.47
12793.90,174.18,207.17,196.36
12805.70,173.84,207.27,196.16
12817.00,173.51,207.39,195.99
12829.30,173.16,207.65,195.89
12842.40,172.79,207.91,195.76
12855.00,172.43,208.07,195.56
12867.20,172.09,208.14,195.24
12879.40,171.75,208.22,194.90
12891.30,171.41,208.37,194.64
12903.70,171.06,208.69,194.50
12916.00,170.72,208.99,194.36
12928.00,170.38,209.13,194.13
12940.20,170.04,209.19,193.89
12953.00,169.69,209.29,193.66
12965.20,169.35,209.42,193.52
12977.50,169.01,209.47,193.32
12989.80,168.67,209.42,193.00
13001.60,168.35,209.39,192.75
13014.00,168.01,209.36,192.48
13026.50,167.67,209.33,192.24
13038.70,167.33,209.31,192.03
13051.20,166.99,209.31,191.83
13064.50,166.63,209.32,191.70
13078.10,166.26,209.28,191.51
13092.10,165.88,209.24,191.34
13105.60,165.52,209.38,191.44
13118.30,165.17,209.57,191.59
13133.50,164.76,209.57,191.54
13150.20,164.32,209.46,191.42
13164.60,163.93,209.37,191.30
13177.50,163.59,209.32,191.24
13190.60,163.24,209.25,191.20
13201.70,162.94,209.18,191.14
13213.60,162.63,209.14,191.15
13226.80,162.27,209.09,191.15
13241.60,161.88,209.02,191.14
13256.50,161.49,208.97,191.16
13268.80,161.17,208.91,191.14
13282.10,160.81,208.78,191.07
13299.00,160.37,208.63,190.98
13317.80,159.88,208.47,190.85
13335.50,159.41,208.31,190.72
13351.00,159.01,208.20,190.68
13365.50,158.63,208.14,190.69
13382.00,158.20,208.06,190.67
13400.70,157.72,207.93,190.61
13419.90,157.22,207.80,190.56
13436.20,156.80,207.68,190.51
13449.70,156.45,207.57,190.48
13461.00,156.16,207.48,190.46
13470.60,155.91,207.39,190.44
13479.50,155.69,207.31,190.42
13489.40,155.43,207.23,190.40
13500.50,155.15,207.14,190.39
13510.20,154.90,207.05,190.35
13519.70,154.66,206.96,190.31
13529.60,154.40,206.86,190.28
13540.10,154.14,206.78,190.24
13550.00,153.88,206.70,190.21
13559.40,153.65,206.64,190.19
13568.00,153.43,206.59,190.19
13577.70,153.18,206.51,190.15
13588.10,152.92,206.40,190.10
13599.40,152.63,206.31,190.06
13610.00,152.37,206.23,190.02
13620.30,152.10,206.16,189.98
13631.70,151.82,206.07,189.94
13642.20,151.55,205.97,189.87
13653.40,151.27,205.87,189.80
13664.90,150.98,205.76,189.72
13675.70,150.71,205.68,189.68
13686.50,150.44,205.59,189.64
13697.20,150.18,205.51,189.57
13707.40,149.92,205.45,189.52
13716.70,149.69,205.43,189.54
13726.40,149.45,205.41,189.52
13737.10,149.18,205.38,189.50
13746.90,148.94,205.33,189.47
13756.30,148.71,205.28,189.45
13765.20,148.49,205.25,189.44
13773.80,148.28,205.20,189.40
13783.40,148.04,205.16,189.38
13795.00,147.75,205.09,189.36
13806.20,147.48,205.02,189.33
13816.50,147.22,204.95,189.29
13826.20,146.99,204.87,189.23
13836.30,146.74,204.81,189.20
13846.60,146.48,204.78,189.19
13856.80,146.24,204.70,189.14
13866.40,146.00,204.61,189.07
13875.60,145.78,204.51,189.00
13883.60,145.58,204.44,188.95
13892.00,145.38,204.36,188.89
13901.70,145.15,204.27,188.81
13910.50,144.93,204.19,188.74
13919.50,144.71,204.12,188.71
13929.10,144.48,204.05,188.65
13939.10,144.24,204.00,188.59
13949.10,144.00,203.97,188.56
13959.30,143.75,203.98,188.56
13969.50,143.51,204.05,188.60
13980.20,143.25,204.09,188.63
13990.30,143.01,204.06,188.61
14000.50,142.76,203.99,188.56
14011.40,142.50,203.93,188.49
14021.20,142.27,203.88,188.43
14030.90,142.04,203.84,188.36
14041.10,141.79,203.80,188.27
14051.10,141.56,203.74,188.21
14061.60,141.31,203.67,188.12
14071.70,141.07,203.61,187.99
14081.40,140.84,203.56,187.87
14091.20,140.61,203.54,187.78
14100.50,140.39,203.58,187.72
14109.80,140.17,203.64,187.65
14119.40,139.95,203.70,187.60
14129.40,139.71,203.78,187.54
14138.80,139.49,203.85,187.48
14148.50,139.26,203.96,187.44
14157.80,139.05,204.24,187.52
14166.70,138.84,204.50,187.58
14175.80,138.63,204.91,187.79
14185.20,138.41,205.38,188.06
14194.80,138.19,205.61,188.11
14204.80,137.96,205.66,188.02
14214.10,137.75,205.71,187.95
14222.80,137.55,206.03,188.07
14231.90,137.34,206.60,188.38
14240.80,137.14,207.15,188.70
14250.00,136.94,207.51,188.89
14259.10,136.73,207.62,188.84
14268.60,136.52,207.72,188.77
14278.20,136.30,207.89,188.77
14287.40,136.09,208.13,188.79
14296.30,135.90,208.32,188.74
14305.10,135.70,208.45,188.67
14314.90,135.48,208.61,188.58
14324.80,135.26,208.77,188.46
14333.70,135.07,208.96,188.42
14343.10,134.86,209.34,188.59
14352.10,134.66,209.65,188.65
14360.80,134.47,209.87,188.71
14370.60,134.26,210.14,188.87
14379.80,134.06,210.39,188.96
14388.10,133.88,210.54,188.98
14396.20,133.70,210.64,188.95
14405.20,133.51,210.66,188.81
14414.90,133.29,210.70,188.70
14425.20,133.07,210.82,188.64
14435.40,132.85,210.95,188.58
14445.70,132.63,211.07,188.52
14456.20,132.41,211.22,188.47
14467.90,132.16,211.39,188.48
14479.80,131.90,211.47,188.42
14491.50,131.65,211.50,188.34
14504.30,131.38,211.53,188.24
14517.40,131.10,211.56,188.14
14528.50,130.87,211.60,188.03
14539.00,130.65,211.64,187.92
14547.90,130.46,211.69,187.87
14556.50,130.28,211.73,187.84
14565.60,130.09,211.71,187.79
14575.70,129.88,211.69,187.73
14585.80,129.66,211.74,187.70
14596.10,129.45,211.79,187.68
14606.70,129.23,211.82,187.67
14617.70,129.00,211.79,187.58
14628.70,128.77,211.73,187.45
14639.30,128.55,211.68,187.32
14648.40,128.36,211.65,187.20
14657.80,128.17,211.62,187.09
14668.70,127.94,211.59,187.01
14680.10,127.71,211.55,186.94
14693.20,127.44,211.47,186.87
14705.30,127.19,211.36,186.79
14715.40,126.98,211.28,186.73
14725.40,126.78,211.22,186.72
14737.40,126.53,211.12,186.68
14748.60,126.30,211.02,186.61
14759.20,126.08,210.95,186.52
14770.60,125.85,210.88,186.42
14781.50,125.63,210.80,186.37
14791.10,125.43,210.73,186.31
14801.70,125.22,210.66,186.28
14812.60,125.00,210.61,186.24
14823.10,124.78,210.61,186.27
14832.80,124.59,210.61,186.32
14842.70,124.39,210.57,186.30
14852.00,124.20,210.51,186.30
14861.50,124.01,210.43,186.27
14871.80,123.80,210.34,186.21
14881.40,123.61,210.29,186.18
14891.10,123.41,210.22,186.15
14900.30,123.23,210.14,186.09
14909.40,123.05,210.07,186.04
14918.00,122.88,210.01,186.00
14927.00,122.70,209.94,185.92
14936.80,122.50,209.87,185.87
14946.80,122.30,209.81,185.85
14956.60,122.11,209.77,185.84
14966.10,121.92,209.72,185.79
14975.10,121.74,209.66,185.77
14984.70,121.55,209.58,185.71
14995.20,121.34,209.50,185.64
15004.70,121.15,209.43,185.60
15014.80,120.95,209.36,185.49
15025.10,120.75,209.28,185.44
15034.20,120.57,209.23,185.36
15042.80,120.40,209.21,185.29
15052.60,120.21,209.21,185.20
15062.60,120.01,209.24,185.19
15072.00,119.83,209.36,185.23
15081.50,119.64,209.60,185.36
15090.50,119.47,209.77,185.51
15100.20,119.28,209.94,185.66
15110.90,119.07,210.09,185.81
15120.60,118.89,210.13,185.89
15129.90,118.71,210.13,185.96
15139.80,118.51,210.11,185.96
15149.70,118.32,210.12,185.98
15159.20,118.14,210.13,185.99
15169.50,117.94,210.11,185.93
15180.00,117.74,210.10,185.91
15190.10,117.55,210.09,185.88
15199.20,117.38,210.06,185.80
15209.60,117.18,210.00,185.72
15219.80,116.98,209.90,185.61
15229.30,116.80,209.82,185.51
15239.70,116.60,209.74,185.43
15249.30,116.42,209.68,185.31
15259.00,116.24,209.63,185.20
15269.90,116.03,209.57,185.15
15281.40,115.81,209.50,185.07
15291.60,115.62,209.46,185.02
15301.30,115.44,209.43,184.98
15311.30,115.25,209.41,184.95
15321.70,115.05,209.43,184.97
15331.80,114.87,209.47,185.01
15341.90,114.68,209.44,185.01
15351.50,114.50,209.40,184.99
15360.40,114.33,209.39,184.98
15370.80,114.14,209.36,184.95
15381.60,113.94,209.31,184.90
15390.90,113.76,209.24,184.80
15400.20,113.59,209.17,184.70
15410.50,113.40,209.12,184.59
15420.60,113.21,209.16,184.56
15429.50,113.05,209.27,184.57
15439.10,112.87,209.36,184.56
15449.20,112.69,209.46,184.60
15459.50,112.50,209.60,184.65
15469.60,112.31,209.77,184.74
15480.10,112.12,209.94,184.86
15490.00,111.94,210.07,184.96
15499.70,111.76,210.20,185.06
15509.60,111.58,210.38,185.19
15521.00,111.38,210.56,185.36
15532.80,111.17,210.70,185.50
15543.90,110.96,210.91,185.65
15554.50,110.77,211.17,185.83
15565.10,110.59,211.34,185.97
15576.10,110.39,211.38,186.06
15586.90,110.20,211.39,186.10
15598.00,110.00,211.39,186.05
15609.10,109.80,211.32,186.01
15618.40,109.64,211.23,185.89
15628.80,109.45,211.15,185.76
15639.10,109.27,211.14,185.70
15649.60,109.09,211.15,185.60
15659.90,108.90,211.14,185.52
15670.10,108.72,211.09,185.45
15681.00,108.53,210.99,185.34
15692.10,108.34,210.91,185.25
15702.30,108.16,210.86,185.19
15711.90,107.99,210.80,185.07
15720.80,107.83,210.74,185.04
15730.00,107.67,210.67,184.96
15739.40,107.51,210.60,184.90
15750.40,107.32,210.51,184.87
15761.10,107.13,210.43,184.77
15770.60,106.97,210.34,184.73
15780.30,106.80,210.26,184.65
15790.90,106.61,210.18,184.60
15801.10,106.44,210.11,184.55
15811.10,106.27,210.05,184.52
15821.00,106.09,209.98,184.46
15831.10,105.92,209.90,184.45
15841.10,105.75,209.84,184.41
15851.20,105.57,209.77,184.34
15862.00,105.39,209.70,184.36
15872.30,105.21,209.63,184.35
15882.10,105.04,209.54,184.30
15892.40,104.87,209.45,184.29
15903.10,104.68,209.37,184.26
15913.90,104.50,209.28,184.21
15924.20,104.32,209.18,184.18
15933.80,104.16,209.10,184.13
15942.50,104.01,209.01,184.06
15951.70,103.86,208.91,184.03
15961.90,103.68,208.83,184.00
15972.30,103.51,208.75,183.94
15982.10,103.34,208.67,183.85
15991.40,103.18,208.60,183.82
16001.30,103.02,208.50,183.80
16011.40,102.85,208.42,183.77
16021.50,102.68,208.36,183.70
16031.20,102.51,208.32,183.66
16041.70,102.34,208.28,183.73
16051.20,102.18,208.23,183.70
16060.00,102.03,208.16,183.68
16069.70,101.87,208.07,183.68
16079.60,101.70,207.99,183.64
16089.80,101.53,207.91,183.64
16099.90,101.36,207.85,183.62
16108.30,101.22,207.80,183.58
16116.80,101.08,207.74,183.55
16126.30,100.92,207.66,183.48
16136.10,100.76,207.59,183.44
16145.60,100.60,207.52,183.41
16154.90,100.45,207.46,183.33
16164.40,100.29,207.43,183.31
16174.10,100.13,207.40,183.29
16183.30,99.98,207.36,183.24
16192.90,99.82,207.32,183.22
16202.80,99.66,207.33,183.21
16213.10,99.49,207.37,183.24
16222.40,99.34,207.36,183.23
16231.40,99.19,207.34,183.22
16240.30,99.05,207.36,183.23
16250.00,98.89,207.37,183.24
16259.60,98.73,207.37,183.26
16269.10,98.58,207.41,183.31
16278.70,98.42,207.51,183.35
16288.40,98.26,207.58,183.39
16298.30,98.11,207.62,183.47
16307.80,97.95,207.62,183.49
16317.20,97.80,207.57,183.47
16326.30,97.65,207.51,183.45
16335.30,97.51,207.50,183.45
16344.70,97.36,207.56,183.52
16354.30,97.21,207.57,183.52
16363.90,97.05,207.53,183.49
16373.80,96.89,207.46,183.47
16384.00,96.73,207.38,183.39
16393.70,96.58,207.30,183.33
16402.70,96.43,207.22,183.25
16412.00,96.29,207.15,183.17
16421.60,96.13,207.08,183.09
16431.30,95.98,207.04,183.01
16440.70,95.83,207.05,182.96
16450.10,95.68,207.25,183.06
16459.90,95.53,207.39,183.17
16469.10,95.38,207.39,183.19
16478.90,95.23,207.34,183.21
16489.30,95.07,207.30,183.25
16498.90,94.92,207.31,183.27
16508.20,94.77,207.32,183.29
16518.40,94.61,207.27,183.31
16528.30,94.46,207.19,183.27
16538.10,94.30,207.12,183.21
16548.00,94.15,207.05,183.17
16557.50,94.00,207.00,183.12
16566.90,93.86,206.95,183.07
16576.00,93.72,206.90,183.00
16586.10,93.56,206.84,182.91
16596.90,93.39,206.77,182.85
16607.60,93.23,206.72,182.77
16617.50,93.08,206.72,182.69
16627.30,92.93,206.74,182.71
16636.40,92.79,206.76,182.69
16646.00,92.64,206.80,182.69
16656.20,92.48,206.87,182.76
16665.50,92.34,206.93,182.80
16674.90,92.20,206.94,182.80
16684.60,92.05,206.92,182.82
16693.60,91.91,206.94,182.87
16703.10,91.77,207.01,182.94
16713.20,91.62,207.10,182.99
16722.40,91.48,207.13,183.05
16732.00,91.33,207.11,183.08
16741.80,91.19,207.10,183.04
16751.00,91.05,207.11,183.03
16760.40,90.91,207.09,183.02
16770.70,90.75,207.05,182.96
16780.70,90.60,207.01,182.87
16790.10,90.46,207.00,182.84
16799.60,90.32,207.00,182.82
16809.60,90.17,207.05,182.74
16818.90,90.03,207.15,182.77
16828.30,89.89,207.28,182.86
16837.20,89.76,207.42,182.88
16846.50,89.63,207.52,182.96
16856.20,89.48,207.59,183.06
16864.90,89.35,207.65,183.10
16874.50,89.21,207.74,183.19
16884.20,89.07,207.88,183.30
16893.50,88.94,208.00,183.39
16903.40,88.79,208.04,183.39
16912.90,88.65,208.07,183.44
16921.40,88.53,208.10,183.53
16930.30,88.40,208.12,183.50
16939.70,88.26,208.15,183.47
16948.70,88.13,208.19,183.57
16957.60,88.00,208.24,183.59
16966.30,87.88,208.24,183.52
16975.80,87.74,208.20,183.55
16984.80,87.61,208.19,183.52
16993.20,87.49,208.18,183.42
17002.50,87.36,208.17,183.42
17012.00,87.22,208.17,183.40
17021.20,87.09,208.19,183.36
17029.80,86.97,208.19,183.33
17038.60,86.84,208.26,183.35
17047.90,86.71,208.35,183.39
17056.50,86.59,208.34,183.32
17065.70,86.46,208.31,183.31
17074.80,86.33,208.30,183.32
17083.40,86.21,208.31,183.27
17091.20,86.10,208.34,183.29
17099.60,85.98,208.40,183.37
17108.90,85.85,208.47,183.37
17117.60,85.72,208.52,183.39
17126.90,85.59,208.61,183.47
17135.60,85.47,208.70,183.56
17144.10,85.35,208.70,183.57
17154.00,85.22,208.64,183.58
17162.80,85.09,208.57,183.56
17170.20,84.99,208.52,183.47
17179.00,84.87,208.46,183.39
17187.70,84.75,208.40,183.34
17196.70,84.62,208.40,183.35
17206.10,84.49,208.43,183.30
17213.90,84.38,208.46,183.26
17221.90,84.27,208.49,183.29
17230.10,84.16,208.53,183.29
17238.30,84.05,208.54,183.27
17247.20,83.92,208.54,183.27
17256.00,83.80,208.56,183.33
17264.30,83.69,208.57,183.27
17273.60,83.56,208.53,183.22
17282.40,83.44,208.49,183.20
17291.70,83.31,208.51,183.18
17301.90,83.18,208.59,183.21
17311.70,83.04,208.65,183.26
17320.80,82.92,208.70,183.26
17329.80,82.80,208.72,183.27
17338.70,82.68,208.74,183.32
17348.40,82.55,208.79,183.31
17358.30,82.41,208.85,183.38
17367.70,82.28,208.87,183.38
17377.30,82.15,208.86,183.35
17388.20,82.01,208.87,183.39
17398.30,81.87,208.99,183.44
17407.30,81.75,209.09,183.51
17417.60,81.62,209.17,183.60
17427.70,81.48,209.24,183.67
17437.60,81.35,209.30,183.71
17447.10,81.22,209.31,183.76
17456.00,81.11,209.33,183.79
17465.70,80.98,209.32,183.80
17475.90,80.84,209.28,183.82
17485.60,80.72,209.23,183.78
17495.20,80.59,209.18,183.75
17505.10,80.46,209.12,183.70
17515.20,80.33,209.07,183.66
17524.80,80.20,209.01,183.59
17533.90,80.08,208.94,183.52
17543.60,79.95,208.87,183.47
17554.00,79.82,208.79,183.41
17564.90,79.68,208.73,183.35
17574.80,79.55,208.66,183.32
17584.50,79.42,208.59,183.28
17594.90,79.29,208.50,183.22
17604.00,79.17,208.41,183.14
17614.90,79.03,208.33,183.08
17625.90,78.88,208.24,183.02
17635.70,78.76,208.17,182.96
17645.90,78.62,208.08,182.89
17656.50,78.49,207.98,182.79
17667.00,78.35,207.90,182.73
17678.30,78.21,207.83,182.70
17688.10,78.08,207.76,182.62
17696.70,77.97,207.69,182.57
17705.80,77.85,207.66,182.60
17715.50,77.73,207.66,182.60
17726.40,77.59,207.68,182.63
17736.50,77.46,207.76,182.72
17745.50,77.35,207.81,182.79
17755.80,77.22,207.79,182.84
17766.30,77.08,207.73,182.86
17776.20,76.96,207.67,182.87
17786.20,76.83,207.64,182.89
17796.30,76.70,207.63,182.90
17806.00,76.58,207.61,182.94
17816.50,76.45,207.59,182.96
17825.90,76.33,207.55,182.94
17835.90,76.21,207.51,182.95
17846.00,76.08,207.45,182.95
17855.60,75.96,207.39,182.92
17866.60,75.82,207.34,182.86
17876.90,75.69,207.28,182.84
17886.10,75.58,207.23,182.82
17895.70,75.46,207.19,182.78
17905.60,75.34,207.14,182.72
17915.80,75.21,207.12,182.71
17926.00,75.08,207.16,182.72
17936.30,74.96,207.13,182.67
17946.20,74.83,207.08,182.60
17956.20,74.71,207.03,182.59
17965.80,74.59,206.97,182.53
17975.10,74.48,206.90,182.42
17985.20,74.35,206.86,182.37
17994.30,74.24,206.85,182.31
18004.30,74.12,206.85,182.23
18014.00,74.00,206.91,182.25
18023.90,73.88,207.08,182.37
18033.40,73.76,207.34,182.52
18043.90,73.64,207.55,182.67
18053.90,73.52,207.67,182.83
18063.40,73.40,207.68,182.92
18073.60,73.28,207.63,182.94
18083.10,73.16,207.63,182.99
18092.00,73.06,207.69,183.09
18102.60,72.93,207.78,183.17
18112.30,72.81,207.83,183.18
18120.70,72.71,207.82,183.22
18129.70,72.60,207.80,183.23
18139.00,72.49,207.78,183.18
18148.50,72.38,207.79,183.17
18158.00,72.27,207.81,183.20
18166.90,72.16,207.88,183.21
18176.00,72.05,207.92,183.19
18185.20,71.95,207.93,183.13
18195.00,71.83,207.93,183.12
18204.20,71.72,207.93,183.09
18213.50,71.61,207.90,183.01
18223.20,71.50,207.85,182.95
18233.10,71.38,207.83,182.88
18241.70,71.28,207.82,182.82
18251.10,71.17,207.84,182.79
18259.90,71.07,207.89,182.76
18267.80,70.98,207.95,182.81
18277.40,70.86,208.04,182.82
18286.80,70.75,208.13,182.83
18295.90,70.65,208.18,182.94
18305.20,70.54,208.20,182.94
18314.00,70.44,208.20,182.92
18322.80,70.34,208.19,182.94
18331.90,70.23,208.22,182.92
18341.40,70.12,208.29,182.94
18350.30,70.02,208.30,182.96
18359.60,69.91,208.31,182.97
18369.60,69.80,208.37,183.01
18380.00,69.68,208.47,183.04
18390.00,69.57,208.60,183.12
18398.40,69.47,208.74,183.20
18407.60,69.37,208.79,183.28
18417.70,69.25,208.75,183.31
18427.40,69.14,208.69,183.31
18436.50,69.04,208.62,183.27
18445.60,68.94,208.56,183.25
18454.80,68.83,208.53,183.21
18463.70,68.73,208.51,183.13
18473.70,68.62,208.49,183.06
18483.40,68.51,208.47,183.07
18493.00,68.40,208.47,183.05
18501.70,68.31,208.46,182.95
18511.00,68.20,208.44,182.91
18521.40,68.09,208.42,182.92
18531.50,67.97,208.39,182.87
18541.50,67.86,208.36,182.81
18551.50,67.75,208.33,182.75
18561.30,67.64,208.30,182.70
18570.50,67.54,208.27,182.68
18579.30,67.44,208.25,182.66
18589.10,67.33,208.22,182.63
18598.80,67.23,208.19,182.57
18607.70,67.13,208.21,182.58
18617.30,67.02,208.26,182.62
18627.20,66.91,208.26,182.58
18636.10,66.82,208.22,182.54
18644.80,66.72,208.18,182.57
18652.90,66.63,208.17,182.52
18661.60,66.54,208.15,182.48
18670.50,66.44,208.15,182.51
18679.30,66.34,208.15,182.46
18688.30,66.25,208.15,182.44
18698.30,66.14,208.15,182.44
18708.10,66.03,208.12,182.41
18717.80,65.93,208.08,182.35
18727.70,65.82,208.03,182.29
18736.70,65.72,207.98,182.27
18745.20,65.63,207.95,182.24
18754.70,65.53,207.96,182.20
18764.60,65.42,208.01,182.21
18774.30,65.32,208.07,182.25
18783.50,65.22,208.14,182.31
18792.50,65.12,208.22,182.33
18802.10,65.02,208.26,182.39
18812.10,64.91,208.27,182.46
18821.70,64.81,208.33,182.51
18831.50,64.71,208.38,182.57
18841.20,64.60,208.42,182.63
18850.90,64.50,208.49,182.72
18860.60,64.40,208.50,182.75
18869.50,64.31,208.46,182.72
18878.80,64.21,208.40,182.69
18887.70,64.11,208.34,182.67
18896.60,64.02,208.27,182.65
18905.80,63.92,208.21,182.61
18915.30,63.82,208.14,182.56
18924.30,63.73,208.07,182.49
18934.00,63.63,208.01,182.44
18943.10,63.53,207.95,182.38
18951.50,63.45,207.90,182.30
18960.60,63.35,207.85,182.18
18970.10,63.25,207.78,182.11
18979.00,63.16,207.72,182.01
18988.60,63.06,207.65,181.90
18998.30,62.96,207.58,181.83
19008.30,62.86,207.54,181.74
19017.30,62.76,207.53,181.70
19026.70,62.67,207.54,181.69
19035.80,62.57,207.59,181.66
19044.90,62.48,207.64,181.68
19053.80,62.39,207.68,181.70
19063.60,62.29,207.70,181.73
19073.40,62.19,207.70,181.79
19082.60,62.09,207.71,181.79
19092.30,61.99,207.74,181.83
19102.30,61.89,207.79,181.87
19110.60,61.81,207.83,181.88
19119.30,61.72,207.87,181.90
19128.80,61.62,207.90,181.93
19138.20,61.53,207.91,181.90
19147.80,61.43,207.92,181.87
19157.10,61.34,207.98,181.90
19166.70,61.24,208.05,181.91
19176.40,61.14,208.12,181.93
19186.70,61.04,208.24,182.00
19196.30,60.94,208.36,182.04
19206.00,60.85,208.55,182.09
19215.90,60.75,208.72,182.24
19225.30,60.66,208.79,182.35
19234.50,60.56,208.81,182.41
19244.30,60.47,208.86,182.48
19254.00,60.37,208.99,182.59
19263.40,60.28,209.13,182.70
19272.60,60.19,209.20,182.74
19282.20,60.09,209.22,182.78
19292.20,60.00,209.25,182.81
19302.10,59.90,209.24,182.77
19311.30,59.81,209.22,182.75
19319.90,59.73,209.20,182.72
19328.90,59.64,209.20,182.64
19339.60,59.53,209.30,182.68
19350.00,59.43,209.46,182.75
19359.00,59.34,209.55,182.74
19369.10,59.25,209.63,182.83
19379.00,59.15,209.66,182.87
19388.30,59.06,209.65,182.89
19397.90,58.97,209.64,182.92
19408.60,58.87,209.61,182.90
19418.10,58.78,209.57,182.84
19426.80,58.69,209.53,182.75
19436.00,58.60,209.48,182.64
19446.10,58.51,209.46,182.57
19456.50,58.41,209.49,182.52
19465.70,58.32,209.55,182.49
19475.20,58.23,209.60,182.43
19485.00,58.14,209.62,182.38
19495.20,58.04,209.64,182.34
19504.50,57.95,209.64,182.27
19513.90,57.86,209.64,182.16
19523.70,57.77,209.63,182.06
19533.20,57.68,209.63,181.97
19542.70,57.59,209.72,181.94
19552.70,57.50,209.88,181.95
19561.50,57.42,210.00,181.99
19571.60,57.32,210.09,182.06
19582.00,57.23,210.21,182.17
19591.20,57.14,210.33,182.30
19600.10,57.06,210.44,182.38
19610.40,56.96,210.56,182.56
19621.70,56.86,210.69,182.75
19632.00,56.76,210.72,182.82
19641.10,56.68,210.71,182.92
19650.40,56.60,210.70,182.97
19660.50,56.50,210.68,182.93
19670.50,56.41,210.66,182.92
19680.10,56.32,210.64,182.84
19690.40,56.23,210.61,182.75
19700.30,56.14,210.58,182.70
19710.10,56.05,210.59,182.64
19719.20,55.97,210.62,182.56
19728.80,55.88,210.62,182.49
19739.20,55.79,210.61,182.45
19749.00,55.70,210.59,182.44
19758.00,55.62,210.58,182.39
19768.10,55.53,210.54,182.37
19778.40,55.43,210.50,182.33
19788.50,55.34,210.47,182.23
19798.20,55.25,210.43,182.11
19808.10,55.17,210.40,182.04
19818.40,55.07,210.38,181.93
19828.70,54.98,210.36,181.87
19838.30,54.90,210.36,181.81
19848.00,54.81,210.38,181.73
19858.00,54.72,210.42,181.72
19868.80,54.63,210.49,181.72
19879.50,54.53,210.61,181.78
19889.80,54.44,210.72,181.89
19899.00,54.36,210.74,181.93
19908.40,54.28,210.72,181.96
19918.00,54.19,210.69,181.98
19927.70,54.11,210.67,182.02
19937.60,54.02,210.67,182.06
19948.00,53.93,210.68,182.12
19958.20,53.84,210.74,182.13
19966.50,53.77,210.85,182.18
19975.50,53.69,210.94,182.23
19985.60,53.60,210.91,182.27
19995.90,53.51,210.83,182.30
20006.30,53.42,210.75,182.30
20016.70,53.33,210.67,182.31
20027.20,53.24,210.59,182.29
20036.50,53.16,210.52,182.23
20046.20,53.08,210.43,182.15
20055.30,53.00,210.35,182.10
20066.00,52.91,210.25,182.03
20076.50,52.82,210.15,181.92
20085.10,52.74,210.07,181.86
20094.90,52.66,209.97,181.75
20106.50,52.56,209.86,181.64
20116.80,52.47,209.76,181.61
20126.50,52.39,209.67,181.49
20137.60,52.29,209.58,181.36
20147.70,52.21,209.49,181.32
20157.40,52.12,209.41,181.23
20167.80,52.04,209.33,181.13
20178.90,51.94,209.23,181.09
20189.30,51.85,209.14,180.94
20199.50,51.77,209.07,180.86
20210.20,51.68,209.02,180.82
20220.10,51.59,208.96,180.71
20229.80,51.51,208.92,180.66
20240.50,51.42,208.89,180.61
20251.30,51.33,208.90,180.54
20261.00,51.25,208.95,180.50
20271.60,51.16,209.01,180.51
20281.90,51.07,209.05,180.61
20292.10,50.99,209.02,180.63
20303.00,50.90,208.95,180.64
20312.80,50.82,208.88,180.67
20322.80,50.73,208.83,180.62
20333.90,50.64,208.82,180.62
20343.80,50.56,208.90,180.66
20353.20,50.48,208.95,180.64
20363.50,50.40,208.94,180.54
20374.80,50.30,208.87,180.52
20385.10,50.22,208.85,180.46
20393.90,50.15,208.94,180.42
20404.90,50.06,209.02,180.46
20416.00,49.97,209.08,180.52
20426.60,49.88,209.18,180.60
20436.80,49.80,209.35,180.83
20445.80,49.72,209.51,180.98
20454.90,49.65,209.57,181.12
20465.60,49.56,209.57,181.29
20477.60,49.47,209.51,181.35
20489.70,49.37,209.43,181.47
20499.80,49.29,209.38,181.44
20510.60,49.20,209.38,181.41
20521.30,49.12,209.43,181.45
20532.60,49.03,209.47,181.41
20541.60,48.95,209.47,181.37
20550.20,48.89,209.44,181.40
20560.00,48.81,209.40,181.36
20570.40,48.72,209.36,181.35
20581.00,48.64,209.32,181.35
20591.10,48.56,209.28,181.32
20600.90,48.48,209.24,181.23
20611.30,48.40,209.19,181.19
20621.50,48.32,209.13,181.15
20631.30,48.24,209.06,181.05
20640.60,48.17,208.99,180.97
20650.30,48.09,208.93,180.84
20659.30,48.02,208.88,180.76
20669.90,47.94,208.85,180.67
20681.50,47.85,208.84,180.63
20691.30,47.77,208.85,180.62
20700.40,47.70,208.87,180.56
20709.70,47.63,208.89,180.61
20719.80,47.55,208.88,180.59
20729.60,47.47,208.90,180.61
20739.60,47.40,208.93,180.64
20748.70,47.32,208.90,180.66
20758.60,47.25,208.86,180.73
20768.90,47.17,208.87,180.73
20778.10,47.10,208.89,180.76
20787.00,47.03,208.90,180.82
20795.60,46.96,208.87,180.87
20805.00,46.89,208.81,180.85
20815.80,46.81,208.73,180.92
20826.60,46.73,208.65,180.84
20836.00,46.65,208.58,180.75
20845.70,46.58,208.52,180.69
20854.60,46.51,208.52,180.64
20863.90,46.44,208.56,180.58
20873.90,46.36,208.55,180.58
20882.40,46.30,208.53,180.60
20890.90,46.24,208.50,180.53
20900.70,46.16,208.45,180.45
20909.50,46.09,208.41,180.42
20918.40,46.03,208.36,180.41
20928.40,45.95,208.31,180.34
20938.40,45.88,208.25,180.33
20948.80,45.80,208.18,180.35
20957.80,45.73,208.14,180.28
20966.20,45.67,208.10,180.18
20975.10,45.60,208.06,180.11
20984.00,45.53,208.01,180.08
20992.90,45.47,207.96,180.06
21001.80,45.40,207.91,180.03
21010.60,45.34,207.86,180.00
21019.50,45.27,207.81,179.97
21028.40,45.20,207.77,179.95
21037.50,45.14,207.74,179.93
21046.30,45.07,207.71,179.87
21054.80,45.01,207.67,179.80
21063.40,44.94,207.63,179.73
21072.10,44.88,207.58,179.66
21080.90,44.82,207.53,179.58
21089.00,44.76,207.51,179.53
21097.60,44.69,207.53,179.51
21106.10,44.63,207.56,179.50
21114.70,44.57,207.59,179.48
21123.30,44.50,207.62,179.46
21131.80,44.44,207.65,179.45
21140.30,44.38,207.68,179.44
21148.90,44.32,207.71,179.43
21157.40,44.25,207.73,179.42
21165.90,44.19,207.76,179.42
21174.50,44.13,207.79,179.41
21183.00,44.07,207.82,179.40
21191.60,44.01,207.86,179.40
21200.10,43.95,207.90,179.40
21208.70,43.88,207.94,179.40
21217.20,43.82,207.97,179.40
21226.20,43.76,208.09,179.47
21235.10,43.69,208.32,179.64
21243.40,43.63,208.52,179.78
21250.00,43.59,208.61,179.84
21260.10,43.51,208.70,179.87
21269.60,43.45,208.83,179.96
21278.10,43.39,208.99,180.12
21286.60,43.33,209.18,180.32
21295.30,43.27,209.43,180.58
21304.90,43.20,209.64,180.80
21313.70,43.14,209.81,181.10
21322.50,43.07,209.88,181.31
21331.70,43.01,209.87,181.44
21340.00,42.95,209.84,181.55
21349.40,42.89,209.82,181.58
21359.40,42.82,209.84,181.59
21368.10,42.76,209.89,181.56
21377.00,42.69,209.95,181.57
21386.80,42.63,210.01,181.55
21395.30,42.57,210.01,181.46
21404.40,42.50,209.99,181.40
21413.30,42.44,210.03,181.33
21423.10,42.37,210.06,181.28
21432.20,42.31,210.06,181.29
21441.10,42.25,210.08,181.26
21450.80,42.18,210.11,181.19
21460.90,42.11,210.20,181.15
21471.20,42.04,210.31,181.15
21481.10,41.98,210.32,181.11
21489.60,41.92,210.29,181.06
21498.10,41.86,210.27,181.06
21509.10,41.79,210.26,181.04
21520.60,41.71,210.29,181.03
21530.20,41.64,210.32,181.01
21540.80,41.57,210.37,181.05
21550.70,41.51,210.43,181.04
21561.80,41.43,210.49,181.00
21572.20,41.36,210.54,181.05
21582.70,41.29,210.61,181.06
21593.40,41.22,210.69,181.11
21604.30,41.15,210.75,181.16
21614.70,41.08,210.79,181.24
21625.50,41.00,210.85,181.24
21637.30,40.93,210.92,181.32
21648.30,40.85,211.03,181.41
21659.30,40.78,211.16,181.46
21669.70,40.71,211.18,181.53
21679.40,40.65,211.15,181.54
21689.40,40.58,211.15,181.57
21700.30,40.51,211.20,181.59
21712.00,40.43,211.27,181.59
21722.60,40.37,211.31,181.53
21733.00,40.30,211.33,181.48
21743.40,40.23,211.32,181.39
21753.80,40.16,211.29,181.26
21764.00,40.10,211.28,181.21
21775.30,40.02,211.36,181.11
21787.90,39.94,211.46,181.09
21799.20,39.87,211.59,181.19
21808.90,39.81,211.76,181.31
21819.20,39.74,211.89,181.40
21830.20,39.67,212.00,181.48
21840.70,39.60,212.12,181.56
21851.60,39.53,212.24,181.65
21861.20,39.47,212.32,181.71
21872.00,39.40,212.46,181.81
21882.00,39.34,212.59,181.90
21892.40,39.28,212.71,181.99
21903.80,39.20,212.86,182.17
21914.60,39.14,212.92,182.34
21925.50,39.07,212.89,182.40
21936.70,39.00,212.85,182.45
21947.20,38.93,212.83,182.46
21957.50,38.87,212.81,182.46
21966.70,38.81,212.77,182.45
21977.50,38.74,212.78,182.39
21989.10,38.67,212.79,182.30
21999.90,38.60,212.74,182.24
22010.20,38.54,212.72,182.18
22020.60,38.48,212.72,182.08
22029.80,38.42,212.72,182.01
22039.40,38.36,212.73,182.00
22050.90,38.29,212.73,182.01
22061.80,38.22,212.72,182.01
22071.00,38.16,212.71,182.06
22082.70,38.09,212.65,182.01
22094.20,38.02,212.56,181.95
22103.30,37.97,212.49,181.83
22112.00,37.91,212.45,181.80
22122.50,37.85,212.46,181.81
22133.60,37.78,212.51,181.84
22145.10,37.71,212.58,181.90
22156.20,37.65,212.71,181.99
22165.90,37.59,212.82,182.06
22175.00,37.53,212.86,182.09
22184.50,37.48,212.90,182.12
22194.90,37.41,212.93,182.15
22207.10,37.34,212.93,182.14
22218.20,37.27,212.94,182.15
22228.20,37.21,212.96,182.17
22237.80,37.16,213.02,182.21
22247.80,37.10,213.08,182.25
22257.30,37.04,213.13,182.29
22267.20,36.98,213.21,182.34
22278.30,36.92,213.27,182.38
22289.70,36.85,213.25,182.37
22298.90,36.79,213.21,182.34
22307.90,36.74,213.23,182.35
22319.20,36.67,213.31,182.42
22328.70,36.62,213.40,182.48
22339.10,36.56,213.45,182.52
22350.20,36.49,213.46,182.52
22360.40,36.43,213.44,182.50
22369.20,36.38,213.41,182.48
22379.20,36.32,213.42,182.49
22390.60,36.26,213.45,182.52
22400.40,36.20,213.45,182.52
22409.70,36.15,213.40,182.48
22419.50,36.09,213.33,182.43
22431.10,36.02,213.25,182.37
22441.00,35.97,213.17,182.31
22449.70,35.92,213.11,182.27
22460.20,35.86,213.06,182.23
22470.30,35.80,213.03,182.22
22480.40,35.74,213.03,182.21
22490.50,35.68,213.02,182.21
22500.90,35.62,212.96,182.16
22509.90,35.57,212.89,182.11
22518.40,35.52,212.82,182.06
22528.20,35.47,212.76,182.02
22539.50,35.40,212.72,181.99
22550.50,35.34,212.66,181.95
22561.50,35.28,212.60,181.91
22570.90,35.22,212.55,181.87
22580.60,35.17,212.48,181.82
22590.00,35.12,212.44,181.80
22598.00,35.07,212.42,181.78
22607.70,35.02,212.45,181.80
22618.80,34.95,212.51,181.84
22627.70,34.90,212.55,181.87
22637.80,34.85,212.59,181.90
22648.20,34.79,212.62,181.93
22658.60,34.73,212.62,181.92
22669.90,34.67,212.60,181.91
22680.10,34.61,212.59,181.90
22689.00,34.56,212.59,181.90
22698.40,34.51,212.60,181.91
22707.90,34.46,212.62,181.92
22716.40,34.41,212.63,181.93
22725.60,34.36,212.66,181.95
22734.80,34.31,212.65,181.94
22745.70,34.25,212.63,181.93
22757.10,34.19,212.70,181.98
22767.00,34.13,212.85,182.09
22775.90,34.08,212.98,182.18
22786.30,34.03,213.07,182.24
22796.50,33.97,213.12,182.28
22806.80,33.91,213.13,182.28
22818.10,33.85,213.11,182.27
22828.80,33.80,213.08,182.25
22837.60,33.75,213.07,182.24
22846.50,33.70,213.07,182.24
22856.90,33.64,213.05,182.23
22867.50,33.59,213.01,182.20
22877.60,33.53,212.97,182.17
22887.60,33.48,212.97,182.17
22898.40,33.42,213.00,182.20
22909.80,33.36,213.09,182.26
22919.30,33.31,213.12,182.28
22930.80,33.25,213.13,182.29
22942.80,33.18,213.20,182.33
22952.60,33.13,213.33,182.43
22962.50,33.08,213.50,182.55
22972.20,33.03,213.63,182.64
22981.80,32.98,213.76,182.73
22993.10,32.92,214.02,182.92
23004.00,32.86,214.24,183.08
23014.10,32.81,214.39,183.18
23024.30,32.75,214.53,183.29
23034.80,32.70,214.63,183.35
23046.10,32.64,214.65,183.37
23057.20,32.58,214.61,183.34
23067.40,32.53,214.62,183.35
23078.30,32.47,214.67,183.38
23089.60,32.42,214.80,183.48
23099.50,32.36,214.93,183.57
23110.80,32.31,215.01,183.63
23121.30,32.25,215.03,183.64
23131.70,32.20,215.01,183.63
23143.20,32.14,214.97,183.60
23155.30,32.08,214.94,183.58
23165.30,32.03,214.92,183.56
23174.80,31.98,214.90,183.55
23184.90,31.93,214.87,183.52
23196.00,31.87,214.83,183.50
23207.70,31.81,214.83,183.50
23218.40,31.76,214.88,183.53
23229.40,31.70,214.92,183.56
23240.50,31.65,214.95,183.58
23252.70,31.59,215.01,183.63
23264.50,31.53,215.09,183.68
23274.40,31.48,215.14,183.72
23286.00,31.42,215.16,183.73
23296.30,31.37,215.15,183.72
23306.10,31.32,215.12,183.70
23317.10,31.26,215.05,183.66
23328.10,31.21,214.98,183.60
23338.70,31.16,214.91,183.56
23349.30,31.10,214.88,183.53
23361.20,31.05,214.90,183.55
23371.40,31.00,214.92,183.56
23381.60,30.95,214.96,183.59
23391.50,30.90,215.00,183.62
23402.30,30.84,215.03,183.64
23413.40,30.79,215.08,183.67
23423.10,30.74,215.08,183.68
23433.10,30.69,215.06,183.66
23443.70,30.64,215.01,183.62
23453.90,30.59,214.95,183.58
23463.30,30.55,214.92,183.56
23473.50,30.50,214.94,183.57
23486.00,30.44,214.96,183.59
23497.80,30.38,214.96,183.59
23506.00,30.34,214.92,183.56
23515.50,30.29,214.87,183.53
23526.00,30.24,214.87,183.52
23536.00,30.20,214.87,183.53
23546.60,30.14,214.89,183.54
23558.00,30.09,214.91,183.55
23568.10,30.04,214.90,183.55
23577.70,30.00,214.87,183.53
23588.00,29.95,214.81,183.49
23597.30,29.90,214.78,183.46
23606.30,29.86,214.78,183.46
23616.20,29.81,214.78,183.46
23626.50,29.76,214.79,183.47
23637.20,29.71,214.83,183.50
23647.50,29.66,214.86,183.52
23657.90,29.62,214.86,183.52
23667.30,29.57,214.86,183.52
23676.00,29.53,214.91,183.55
23685.50,29.49,215.02,183.63
23694.00,29.45,215.12,183.70
23702.60,29.41,215.13,183.71
23712.30,29.36,215.10,183.69
23722.70,29.31,215.07,183.67
23732.30,29.27,215.10,183.69
23742.30,29.22,215.13,183.71
23751.30,29.18,215.10,183.69
23760.70,29.14,215.08,183.67
23771.30,29.09,215.15,183.72
23781.60,29.04,215.35,183.87
23793.20,28.99,215.61,184.05
23803.70,28.94,215.73,184.14
23812.40,28.90,215.83,184.21
23823.00,28.85,215.92,184.27
23833.40,28.80,215.93,184.28
23843.00,28.76,215.94,184.29
23852.70,28.71,215.93,184.28
23861.60,28.67,215.91,184.26
23870.00,28.64,215.89,184.25
23878.80,28.60,215.87,184.24
23888.60,28.55,215.83,184.21
23899.30,28.50,215.81,184.19
23910.70,28.45,215.79,184.18
23921.30,28.40,215.79,184.18
23929.70,28.37,215.81,184.20
23939.70,28.32,215.85,184.22
23952.80,28.26,215.90,184.26
23962.90,28.22,216.00,184.33
23971.20,28.18,216.10,184.40
23980.20,28.14,216.17,184.45
23992.00,28.09,216.23,184.49
24002.90,28.04,216.34,184.57
24011.50,28.00,216.41,184.62
24021.70,27.96,216.45,184.65
24031.70,27.91,216.44,184.64
24039.80,27.88,216.44,184.64
24047.90,27.84,216.42,184.63
24058.20,27.80,216.42,184.62
24069.60,27.75,216.39,184.60
24080.40,27.70,216.36,184.59
24091.60,27.65,216.36,184.59
24102.70,27.60,216.33,184.56
24111.90,27.56,216.30,184.54
24122.00,27.52,216.31,184.55
24131.60,27.48,216.39,184.60
24141.40,27.43,216.54,184.71
24152.80,27.38,216.65,184.79
24164.40,27.33,216.73,184.84
24175.70,27.29,216.85,184.93
24184.70,27.25,216.98,185.02
24195.10,27.20,217.13,185.13
24206.10,27.16,217.19,185.17
24216.20,27.11,217.16,185.15
24225.20,27.07,217.09,185.10
24235.50,27.03,217.02,185.05
24246.20,26.98,216.95,185.00
24256.30,26.94,216.87,184.94
24265.00,26.91,216.81,184.90
24276.00,26.86,216.79,184.89
24286.60,26.81,216.80,184.89
24297.70,26.77,216.78,184.88
24308.70,26.72,216.76,184.87